form_score_spelling,form_score_punctuation,form_score_capitalization,form_score_complexity,neut_score_superlatives,neut_score_emotional,neut_score_banned,neut_score_slurs,tran_score_citations,tran_score_external_references,tran_score_broken_links,tran_score_author,lay_score_photos,lay_score_video,lay_score_font_size,lay_score_font_type,score_formality,score_neutrality,score_transparency,score_layout,credibility_score,credibility_score_weighted,url
1,0.5,1,0.141176470588235,0.877450980392157,0.534313725490196,1,1,0.1,0,0,0,0,0,0.5,0.5,2.64117647058824,3.41176470588235,0.1,1,4.47058823529412,0.454219948849105,https://en.mediamass.net/world/ro/best-country.html
0,0.074074074074074,0.967105263157895,0.305263157894737,1,0.725877192982456,0.934210526315789,1,0.185185185185185,0,0,0,1,0,0.5,0.5,1.34644249512671,3.66008771929825,0.185185185185185,2,4.49482212475634,0.407019662683278,https://dcgazette.com/2020/big-bang-theory-actress-asked-feminist-response-made-feminists-furious/
0,0.310344827586206,1,0.298121085594989,0.979123173277662,0.665970772442588,1,1,0.482758620689655,0,0,0,0,0,0.5,1,1.6084659131812,3.64509394572025,0.482758620689655,1.5,4.52269904974444,0.427439255320148,https://enduringvision.com/news/us_071110.php
0.642857142857143,0,1,0.165986394557823,0.965986394557823,0.421768707482993,0.965986394557823,1,0.166666666666667,0,1,0,0,0,0.5,0.5,1.80884353741497,3.35374149659864,1.16666666666667,1,4.58078231292517,0.406891452233067,https://en.mediamass.net/people/laurel-holloman/birthday.html
0,0.6875,1,0.3699604743083,0.990118577075099,0.594861660079051,0.980237154150198,1,0.28125,0,0,0,0,0,0.5,1,2.0574604743083,3.56521739130435,0.28125,1.5,4.6274549160079,0.462394741364496,https://enduringvision.com/news/politics_062810.php
0.799206349206349,1,1,0.295343680709534,0.988913525498891,0.334811529933481,1,1,0.047619047619048,0,0,0,0,0,1,0,3.09455002991588,3.32372505543237,0.047619047619048,1,4.66618383310456,0.509875302028006,https://adfmedia.org/press-release/hhs-ensures-faith-based-adoption-foster-care-providers-are-free-serve-kids-need
0.98792270531401,1,1,0.359817351598174,1,0.098173515981735,1,1,0.043478260869565,0,0,0,0,0,1,0,3.34774005691218,3.09817351598173,0.043478260869565,1,4.68086989610218,0.514721783440224,https://adfmedia.org/press-release/members-congress-seek-force-vote-bill-protecting-children-who-survive-abortion
0,1,0.673913043478261,0,1,0.456521739130434,0.891304347826087,1,0.5,0,0,0,1,0,0.5,0.5,1.67391304347826,3.34782608695652,0.5,2,4.70108695652174,0.477315689981096,https://dcgazette.com/2020/all-of-a-sudden-economic-conditions-in-this-pandemic-matter/
0.927685950413223,0,1,0.420588235294118,1,0.613970588235294,1,1,0.066666666666667,0,0,1,0,0,0,0.5,2.34827418570734,3.61397058823529,1.06666666666667,0.5,4.70556965038081,0.509930918109249,https://dailyoccupation.com/6-signs-that-prove-you-are-an-earth-angel-no-3-is-a-clear-indication/
0,0,1,0.32962962962963,0.988425925925926,0.675925925925926,1,1,0.153846153846154,0,0,1,1,0,0.5,0,1.32962962962963,3.66435185185185,1.15384615384615,1.5,4.77989227207977,0.472838473925431,https://weeklyworldnews.com/headlines/181292/hollywood-to-stream-movies-straight-into-your-brain/
0,1,0.977924944812362,0.219867549668874,0.988962472406181,0.536423841059602,0.966887417218543,1,0.5625,0,0,0,0,0,0.5,1,2.19779249448124,3.49227373068433,0.5625,1.5,4.84535389072848,0.501312505998656,https://enduringvision.com/news/us_071310.php
1,1,1,0,1,0.818181818181818,1,1,0,0,0,0,0,0,1,0,3,3.81818181818182,0,1,4.88636363636364,0.527667984189723,https://nationalvanguard.org/2021/05/us-islamic-group-attacks-national-socialists/
1,1,1,0,1,0.818181818181818,1,1,0,0,0,0,0,0,1,0,3,3.81818181818182,0,1,4.88636363636364,0.527667984189723,https://nationalvanguard.org/2021/05/land-of-the-fee-home-of-the-depraved/
1,1,1,0,1,0.818181818181818,1,1,0,0,0,0,0,0,1,0,3,3.81818181818182,0,1,4.88636363636364,0.527667984189723,https://nationalvanguard.org/2021/05/uk-repeated-rape-of-white-girl-lasted-seven-years/
0.913793103448276,0.659090909090909,1,0.275987841945289,1,0.498480243161094,0.962006079027356,0,0.090909090909091,0,1,1,0.5,0,0,0,2.84887185448447,2.46048632218845,2.09090909090909,0.5,4.93766704223876,0.577113356833603,https://barenakedislam.com/2021/05/23/spanish-red-cross-female-volunteers-wonder-why-they-keep-getting-raped-by-the-illegal-muslim-invaders/
0,0,1,0.417948717948718,1,0.679487179487179,0.989316239316239,1,0.325,0,0,1,1,0,0.5,0,1.41794871794872,3.66880341880342,1.325,1.5,4.94484508547009,0.500092902266815,https://weeklyworldnews.com/headlines/181834/an-entire-city-in-trevor-noahs-hair/
1,1,1,0.321387283236994,1,0.465317919075144,1,1,0.176470588235294,0,0,0,0,0,1,0,3.32138728323699,3.46531791907514,0.176470588235294,1,4.97698486909215,0.554249515840516,https://adfmedia.org/press-release/virginia-photographer-appeals-decision-allows-state-censor-control-his-artistic-work
0.793495610534716,0,0.99475890985325,0.589937106918239,0.979035639412998,0.449685534591195,0.979035639412998,0,0.402985074626866,0.423076923076923,0.884615384615385,1,0,0,0.5,0,2.37819162730621,2.40775681341719,2.71067738231917,0.5,4.99789113940161,0.545726169393253,https://davidduke.com/wednesday210505/
0,0,1,0.311111111111111,1,0.533730158730159,0.990079365079365,1,0.173913043478261,0,0,1,0.5,0,0.5,1,1.31111111111111,3.52380952380952,1.17391304347826,2,5.00552104899931,0.460378221862154,https://threepercenternation.com/2021/05/23/heres-the-35-republicans-who-turned-their-backs-on-trump/
0.933061699650756,0.846625766871165,0.996244836650394,0.677281261734885,0.981224183251972,0.500563274502441,0.979346601577169,0,0.141104294478528,0,0,1,0,0,0.5,0.5,3.4532135649072,2.46113405933158,1.14110429447853,1,5.03465744919832,0.615618235991874,https://barnesreview.org/holocaust-story-invented/
0.359008528784648,0.935897435897436,1,0.628780131482834,0.992695398100804,0.590942293644996,1,1,0.064102564102564,0,1,0,0,0,0.5,0,2.92368609616492,3.5836376917458,1.06410256410256,0.5,5.0446414700083,0.563370881365515,http://dont-tread-on.me/?page_id=75
0.882075471698113,0,1,0.136416184971098,1,0.624277456647399,1,1,0.5,0,1,0,0,0,0.5,0.5,2.01849165666921,3.6242774566474,1.5,1,5.08923069582288,0.474867583113231,https://en.mediamass.net/people/millie-bobby-brown/engaged.html
0,0,0.846368715083799,0.322905027932961,1,0.594972067039106,0.972067039106145,1,0,0,0,1,1,0,1,0.5,1.16927374301676,3.56703910614525,1,2.5,5.14769553072626,0.466395433568132,http://tdtalliance.com/alex-jones-claims-pepe-the-frog-is-a-symbol-of-homosexuality/
0.734984984984985,0,1,0.314114114114114,0.992492492492492,0.677177177177177,1,1,0.026315789473684,0,0,1,0.5,0,1,0,2.0490990990991,3.66966966966967,1.02631578947368,1.5,5.15317784890153,0.513229705678218,https://thereporterz.com/billboards-nah-just-buy-a-media-company-instead-techcrunch/
0.965469613259669,0,0.994669509594883,0.543283582089552,1,0.600213219616205,1,1,0.185185185185185,0,1,1,0,0,0,0,2.5034227049441,3.6002132196162,2.18518518518519,0,5.18051319359093,0.570706795303724,https://dailysurge.com/2021/05/vital-signs-of-american-christianity-critical-but-not-terminal/
0.783882783882784,1,1,0.302439024390244,0.975609756097561,0.365853658536585,0.983739837398374,0,0.307692307692308,0.166666666666667,0.916666666666667,1,0,0,0.5,0,3.08632180827303,2.32520325203252,2.39102564102564,0.5,5.18909418833199,0.612629011144387,https://davidduke.com/the-good-people-at-google-mistakenly-terminate-dr-slatterys-youtube-channel-tulsi-voxadpocalypse/
0.857073643410852,0,0.973544973544973,0.381657848324515,0.955908289241623,0.638447971781305,1,1,0.038461538461539,0,0,1,0.5,0,0.5,0.5,2.21227646528034,3.59435626102293,1.03846153846154,1.5,5.21568391547801,0.526013104535181,http://now8news.com/bill-gates-becomes-americas-largest-farmland-owner-with-shock-purchase-of-242000-acres-will-it-be-for-food-production-or-fema-camps-for-anti-vaxxers/
0,1,1,0.191150442477876,1,0.528023598820059,0.970501474926254,1,0.166666666666667,0,0,1,1,0,0,0.5,2.19115044247788,3.49852507374631,1.16666666666667,1.5,5.22271386430679,0.573188405797101,https://www.krbcnews.com/a-new-strain-of-super-gonorrhoea-is-ripping-through-houstons-youth/
0.987745098039216,1,1,0.313350125944584,0.974811083123425,0.357682619647355,1,0,0.285714285714286,0,0,1,0,0,1,0.5,3.3010952239838,2.33249370277078,1.28571428571429,1.5,5.26206450779304,0.604432893516623,https://immediatesafety.org/kim-jong-un-releases-netflix-and-chill-safety-video/
0.593260721579305,1,0.889975550122249,0.207334963325183,0.963325183374083,0.425427872860635,0.975550122249389,0,0.869565217391304,0,1,1,0,0,0.5,0,2.69057123502674,2.36430317848411,2.8695652173913,0.5,5.26527476931384,0.62785602403295,https://davidduke.com/national-bugle-radio-dr-slattery-eyewitness-report-from-charlottesville-with-mark-dankof-analysis/
0.689393939393939,0.0625,1,0.229315960912052,0.98371335504886,0.478827361563518,1,1,0,0,0,1,1,0,0.5,0.5,1.98120990030599,3.46254071661238,1,2,5.27734413557398,0.507796399771686,http://dailybuzzlive.com/study-finds-starbucks-ice-dirtier-than-toilet-water/
0.78596757852077,0.333333333333333,1,0.345762711864407,1,0.728813559322034,1,1,0.266666666666667,0,0,1,0,0,0.5,0.5,2.46506362371851,3.72881355932203,1.26666666666667,1,5.28783990606701,0.569573206287485,https://www.breitbart.com/clips/2021/05/23/rand-paul-on-covid-im-not-getting-vaccinated-because-ive-already-had-the-disease/
0,0,0.981637899375689,0.925670216672787,0.994491369812706,0.605214836577304,0.903598971722365,0,0.063559322033898,1,1,1,0.5,0,0,0.5,1.90730811604848,2.50330517811238,3.0635593220339,1,5.29635788512172,0.553859938172358,https://www.krbcnews.com/dallas-transgender-woman-caught-taking-pictures-of-underage-girls-at-target/
0.774258760107817,0,1,0.373814898419865,0.988713318284425,0.616252821670429,0.977426636568849,1,0.344827586206897,0.2,0.2,1,0,0,0.5,0.5,2.14807365852768,3.5823927765237,1.7448275862069,1,5.29705876328642,0.54117288279859,https://www.eutimes.net/2021/05/dating-websites-and-apps-now-have-a-filter-for-who-is-vaccinated-or-not/
0.693486590038314,0.347826086956521,1,0.429591836734694,0.980867346938775,0.566326530612245,1,1,0,0,0,1,0,0,1,0.5,2.47090451372953,3.54719387755102,1,1.5,5.32381149455034,0.546244117663144,https://immediatesafety.org/why-jim-comey-let-hillary-skate-or-did-he/
0.607976125881715,0.5,0.973776223776224,0.322377622377622,1,0.536713286713286,0.965034965034965,1,0.125,0,1,1,0.5,0,0,0,2.40412997203556,3.50174825174825,2.125,0.5,5.33179888986488,0.584579255701481,https://barenakedislam.com/2021/05/23/uk-sussex-family-fined-200-after-discovering-a-sudanese-illegal-alien-muslim-invader-hiding-in-their-car-roof-box/
0.949664429530201,1,1,0.417391304347826,0.906832298136646,0.503105590062112,1,1,0.260869565217391,0,0,1,0,0,0.5,0,3.36705573387803,3.40993788819876,1.26086956521739,0.5,5.33616449205886,0.641005116475486,https://drrichswier.com/2021/05/20/terrorist-black-lives-matter-declares-solidarity-with-terrorist-hamas-in-war-against-jews/
0.963768115942029,1,1,0.363120567375887,1,0.734042553191489,0.9822695035461,1,0,0,0,1,0,0,0,0.5,3.32688868331792,3.71631205673759,1,0.5,5.33950046253469,0.63988054538873,https://dailyoccupation.com/8-things-people-dont-realize-youre-doing-because-youre-highly-awakened/
0.871794871794872,1,1,0,1,0.684684684684684,1,0,0,0,0,1,1,0,0.5,0.5,2.87179487179487,2.68468468468468,1,2,5.34779972279972,0.591867787519961,https://prntly.com/2020/09/16/democrats-want-this-video-of-biden-dancing-taken-off-facebook-immediately/
0.719046291132181,0.615384615384616,0.706840390879479,0.307491856677524,1,0.649837133550488,0.97557003257329,1,0.115384615384615,0,0,1,0,0,1,0.5,2.3487631540738,3.62540716612378,1.11538461538462,1.5,5.36847183473887,0.572590257381468,https://immediatesafety.org/former-president-obama-proving-spying-is-not-always-a-bad-thing/
0,0,1,0.120415224913495,0.965397923875432,0.567474048442907,1,1,0.461538461538462,0,0,1,1,0,0.5,1,1.12041522491349,3.53287197231834,1.46153846153846,2.5,5.38426603673143,0.482611588802352,https://threepercenternation.com/2021/05/23/cdc-has-been-busted-manipulating-bogus-vaccine-death-data/
0.861111111111111,1,1,0,1,0.787234042553192,1,1,0,0,0,1,0,0,0.5,0.5,2.86111111111111,3.78723404255319,1,1,5.40521572104019,0.599856100318635,https://www.jihadwatch.org/2021/05/nyc-lincoln-center-honors-far-left-activist-who-called-osama-bin-laden-one-of-the-people-that-i-admire
0.903065825067628,0.977777777777778,0.995215311004785,0.636044657097289,0.995215311004785,0.593301435406699,0.992025518341308,1,0.084444444444445,0,0,1,0,0,0.5,0,3.51210357094748,3.58054226475279,1.08444444444444,0.5,5.42318142509045,0.662207050687757,https://barnesreview.org/martyrdom-imperial-russia/
0.925373134328358,1,1,0.084955752212389,1,0.734513274336283,0.95575221238938,1,0,0,0,1,0,0,0.5,0.5,3.01032888654075,3.69026548672566,1,1,5.43787148329151,0.610017055928514,https://prntly.com/2021/03/15/bank-of-america-has-police-break-elderly-womans-foot-for-not-wearing-mask/
0,1,1,0.179228486646884,1,0.56973293768546,0.985163204747775,1,0.5,0,0,1,1,0,0,0.5,2.17922848664688,3.55489614243323,1.5,1.5,5.45882789317507,0.604883240872146,https://www.krbcnews.com/breaking-kardashian-suspected-in-princes-death-warrant-issued-following-investigation/
0.534313725490196,0.285714285714286,1,0.158801498127341,0.9812734082397,0.644194756554307,1,1,0.142857142857143,0,0,1,1,0,1,0,1.97882950933182,3.62546816479401,1.14285714285714,2,5.46697176061436,0.540818496426416,https://pollhype.com/article/sarah-huckabee-sanders-say-trump-will-revoke-security-clearances-of-obama-era-officials
0.746774326101249,0,0.9945295404814,0.786797957695113,0.9954412837345,0.562363238512035,0.989970824215901,0,0.110824742268041,0.714285714285714,0.857142857142857,1,1,0,0,0,2.52810182427776,2.54777534646244,2.68225331369661,1,5.47383155277301,0.597701303932298,https://vigilantcitizen.com/latestnews/ties-between-bill-gates-and-jeffrey-epstein-cited-as-a-cause-of-divorce-with-melinda-gates/
0.582813474734872,0,0.98936170212766,0.402127659574468,0.984042553191489,0.627659574468085,1,0,0.325301204819277,0.347826086956522,1,1,1,0,0.5,0,1.974302836437,2.61170212765957,2.6731272917758,1.5,5.47445765992023,0.557965407923262,https://beforeitsnews.com/paranormal/2021/05/new-david-wilcock-human-ets-full-disclosure-in-the-1950s-what-did-they-say-2553533.html
0.872365339578454,0,0.999385145105755,0.774028529267093,0.988317757009346,0.586202656173143,0.99262174126906,1,0.096774193548387,0,0,1,1,0,0.5,0,2.6457790139513,3.56714215445155,1.09677419354839,1.5,5.50605960121952,0.593539668121511,https://gatesofvienna.net/2016/11/the-barbarians-who-sacked-rome-came-into-the-empire-as-refugees/
0.772727272727273,1,1,0.13859649122807,1,0.451754385964912,1,1,0,0,0,1,0,0,1,0.5,2.91132376395534,3.45175438596491,1,1.5,5.53942384370016,0.591945773524721,http://news4ktla.com/9-year-old-murders-parents-turn-off-wifi-punishment/
0.466340621403912,0.53125,1,0.359763313609468,0.992603550295858,0.349112426035503,0.948224852071006,1,0.21875,0,1,1,0.5,0,0.5,0,2.35735393501338,3.28994082840237,2.21875,1,5.54127797713484,0.583690347320433,https://nypost.com/2021/05/17/no-us-policing-doesnt-trace-its-roots-to-heinous-slave-patrols/
0.147611788617886,0.6875,0.990476190476191,0.384761904761905,1,0.466666666666666,0.990476190476191,1,0.34375,1,0.4,1,0,0,0.5,0,2.21034988385598,3.45714285714286,2.74375,0.5,5.56952671312427,0.598425869817704,https://drrichswier.com/2021/05/23/say-her-name-american-hero-ashli-babbitts-family-suing-capitol-police-for-fatal-jan-6-shooting/
0.938380281690141,0.864864864864865,1,0.4096,0.992,0.72,0.992,1,0,0,0,0,0.5,0,0.5,1,3.21284514655501,3.704,0,2,5.57302821659688,0.581137180781516,http://cityworldnews.com/donald-trumps-classmate-speaks-out/
0.901315789473684,0,1,0.707109004739336,0.993680884676146,0.598736176935229,0.96998420221169,0,0.269230769230769,0.75,0.75,1,1,0,0,0,2.60842479421302,2.56240126382306,2.76923076923077,1,5.58753551704178,0.613792976393972,https://vigilantcitizen.com/latestnews/demi-lovato-gender-reveal-parties-are-transphobic/
0.508333333333333,0.901960784313725,0.992401215805471,0.443161094224924,0.954407294832827,0.680851063829787,0.977203647416413,1,0,0,0,1,0.5,0,1,0,2.84585642767745,3.61246200607903,1,1.5,5.5989490210978,0.62139799490564,https://infostormer.com/jews-whine-about-increasing-anti-semitic-incidents/
0.950980392156863,1,1,0.036601307189543,1,0.411764705882353,1,1,0.076923076923077,0,1,1,0,0,0.5,0,2.98758169934641,3.41176470588235,2.07692307692308,0.5,5.6101684263449,0.619093055282314,https://barnesreview.org/tunnel-rats-vietnam/
0.904040404040404,0.567901234567901,0.973142345568487,0.458728737690242,0.995523724261415,0.583706356311549,0.932855863921218,1,0.061728395061728,0,0,0,1,0,0.5,1,2.90381272186703,3.51208594449418,0.061728395061728,2.5,5.61101691338934,0.557647212418014,http://cityworldnews.com/stop-lying-you-love-donald-trump/
0.957983193277311,1,1,0.18019801980198,1,0.777227722772277,1,1,0.0625,0,0,1,0.5,0,0.5,0,3.13818121307929,3.77722772277228,1.0625,1,5.61119308490723,0.647218082239353,https://www.dutchsinse.com/10-07-2020-new-madrid-seismic-zone-thermal-releases-hot-spots-possible-sign-of-earthquake/
0.956896551724138,1,1,0.17029702970297,1,0.702970297029703,1,1,0.166666666666667,0,0,1,0,0,1,0,3.12719358142711,3.7029702970297,1.16666666666667,1,5.62301909070217,0.637563396519562,https://pollhype.com/article/voters-want-the-truth-and-trump-is-the-only-honest-politician
0.954954954954955,0.72972972972973,0.992743105950653,0.340783744557329,0.941944847605225,0.521044992743106,0.941944847605225,1,0.243243243243243,0.333333333333333,1,1,0,0,0,0,3.01821153519267,3.40493468795356,2.57657657657658,0,5.62482674982675,0.643562512471454,https://therightscoop.com/arrests-in-pro-palestinian-anti-semitic-attacks-on-jewish-americans-in-lib-enclaves-of-new-york-and-los-angeles/
1,1,1,0.430769230769231,1,0.58041958041958,1,1,0,0,0,1,0,0,0.5,0.5,3.43076923076923,3.58041958041958,1,1,5.63199300699301,0.650136819702037,https://prntly.com/2020/02/29/iran-likely-has-tens-of-thousands-more-coronavirus-cases-than-its-reporting/
0.969696969696969,1,1,0.193288590604027,1,0.546979865771812,1,1,0.333333333333333,0,0,1,0,0,1,0,3.162985560301,3.54697986577181,1.33333333333333,1,5.65206172462884,0.642603743887666,https://tmzworldnews.com/bernie-sanders-we-most-certainly-can-cancel-all-student-debt/307/
0,1,0.970472440944882,0.333858267716535,1,0.645669291338583,1,1,0.111111111111111,0,0,1,1,0,1,0,2.30433070866142,3.64566929133858,1.11111111111111,2,5.66319444444444,0.608069915173647,https://www.react365.com/5974ba0b43adc/bigfoot-sighting-at-jackson-lake-campground-near-oak-hill-ohio.html
0.937275985663083,0,1,0.190253411306043,0.980506822612086,0.366471734892787,0.990253411306043,1,0.1,1,0,1,1,0,0.5,0,2.12752939696913,3.33723196881092,2.1,1.5,5.66547585361253,0.546935770937395,https://www.gaia.com/article/could-cobra-venom-replace-opioids-in-treating-chronic-pain
0,1,1,0.439766081871345,1,0.7953216374269,1,1,0.423076923076923,0,0,1,1,0,0.5,0,2.43976608187134,3.7953216374269,1.42307692307692,1.5,5.72385290148448,0.652438928983551,https://weeklyworldnews.com/headlines/181973/woman-marries-phone/
0.356012839619397,0,1,0.667862481315396,0.982561036372696,0.61136023916293,0.982561036372696,1,0.065693430656934,0.333333333333333,0.666666666666667,1,1,0,0.5,0,2.02387532093479,3.57648231190832,2.06569343065693,1.5,5.72878191468753,0.57684363356273,https://foodbabe.com/is-this-weedkiller-in-your-favorite-hummus-brand-sabra-whole-foods-harris-teeter/
0.959584295612009,0.551282051282051,1,0.462720664589823,0.989615784008307,0.517133956386293,0.994807892004154,1,0.192307692307692,0.5,1,1,0,0,0,0,2.97358701148388,3.50155763239875,2.69230769230769,0,5.72965771011896,0.645830412880364,https://dailysurge.com/2021/05/free-government-money-may-buy-votes-help-in-short-term-but-its-bad-for-people-society/
0.971671388101983,0.852941176470588,1,0.375710594315245,1,0.612403100775194,0.98062015503876,1,0.382352941176471,0,0,1,0,0,0.5,0.5,3.20032315888782,3.59302325581395,1.38235294117647,1,5.7348120974239,0.656496970761024,https://www.eutimes.net/2021/05/belgian-veteran-goes-rambo-goes-underground-to-fight-lockdown-tyrant-regime/
0.325396825396825,1,1,0.410434782608696,1,0.478260869565218,0.991304347826087,1,0,0,0,1,0.5,0,0.5,1,2.73583160800552,3.4695652173913,1,2,5.75337301587302,0.612170612416359,http://www.thebigriddle.com/2016/12/every-sip-of-this-3-ingredient-tea.html
1,1,1,0.247272727272727,0.981818181818182,0.509090909090909,1,1,0.5,0.25,0.25,0,1,0,0.5,0,3.24727272727273,3.49090909090909,1,1.5,5.77386363636364,0.629288537549407,https://creativitymovement.net/news/medicines-and-medical-errors-the-biggest-killers/
0,1,0.972727272727273,0.410909090909091,1,0.654545454545454,1,1,0.2,0,0,1,1,0,1,0,2.38363636363636,3.65454545454545,1.2,2,5.77386363636364,0.626719367588933,https://www.react365.com/596625b958215/new-york-city-woman-loses-her-temper-causes-black-hole-to-swallow-her-entire-town.html
0.757513661202186,0,0.988998899889989,0.495929592959296,1,0.66996699669967,0.977997799779978,0,0.369565217391304,0.5,1,1,0.5,0,0.5,0.5,2.24244215405147,2.64796479647965,2.8695652173913,1.5,5.78748260495151,0.589081618658008,https://www.teaparty.org/attorney-reveals-shocking-presidential-election-bombshell-vote-tabulator-machine-totals-can-be-changed-464856/
0.739170225747407,1,1,0.318421052631579,0.983552631578947,0.523026315789473,0.950657894736842,1,0.266666666666667,0,0,1,0,0,1,0.5,3.05759127837899,3.45723684210526,1.26666666666667,1.5,5.80093424196932,0.638293597052025,http://news4ktla.com/fda-admits-chemicals-food-might-make-people-kill/
0.944134078212291,1,1,0.171608832807571,0.98422712933754,0.589905362776025,0.952681388012618,1,0.1875,0,0,0,1,0,0.5,1,3.11574291101986,3.52681388012618,0.1875,2.5,5.83128549446628,0.592567001177698,http://cityworldnews.com/subway-jared-endorses-good-friend-ted-cruz/
0.976303317535545,0,0.978632478632479,0.439316239316239,1,0.754273504273504,1,1,0.181818181818182,0,0,1,0.5,0,1,0.5,2.39425203548426,3.7542735042735,1.18181818181818,2,5.83146482598497,0.581363965384159,https://www.usasupreme.com/breaking-the-state-of-wisconsin-authorized-an-audit-of-the-2020-election/
0,1,1,0.155414012738853,1,0.442675159235669,0.984076433121019,1,0.285714285714286,0,0,1,1,0,1,0.5,2.15541401273885,3.42675159235669,1.28571428571429,2.5,5.85492493175614,0.593786841792934,http://tdtalliance.com/starbucks-releases-commemorative-black-lives-matter-coffee-cups/
0,0.5,1,0.422560975609756,1,0.527439024390244,0.977134146341464,1,0.966666666666667,1,1,0,0.5,0,0.5,0,1.92256097560976,3.50457317073171,2.96666666666667,1,5.87112550813008,0.586218628490633,https://creativitymovement.net/news/school-promotes-confusing-woke-nonsense/
0.945848375451263,0.875,1,0.510043668122271,1,0.636098981077147,0.956331877729257,1,0.475,0,0,1,0.5,0,0.5,0,3.33089204357353,3.5924308588064,1.475,1,5.87395181398746,0.694580765006647,https://www.infowars.com/posts/27-year-navy-vet-running-for-house-i-didnt-serve-three-decades-to-surrender-america-to-weak-ass-republicans-communist-coup/
0.964985994397759,0,0.986091794158554,0.340472878998609,0.993045897079277,0.610570236439499,0.972183588317107,1,0.1875,0.428571428571429,0.428571428571429,1,0.5,0,0.5,0.5,2.29155066755492,3.57579972183588,2.04464285714286,1.5,5.88249577908354,0.580393092715105,https://newswithviews.com/is-covid-19-a-bio-weapon-to-thin-the-herd/
0.460815047021944,1,0.992897727272727,0.373295454545455,0.964488636363636,0.659090909090909,1,1,0,0,0,1,0.5,0,0.5,1,2.82700822884012,3.62357954545455,1,2,5.90661735893417,0.631807533733134,https://centerforsecuritypolicy.org/situation-report-update-on-israel/
0.477969348659004,1,1,0.403448275862069,0.991379310344828,0.577586206896552,1,1,0.033333333333333,0,0,1,0.5,0,0.5,1,2.88141762452107,3.56896551724138,1.03333333333333,2,5.92732279693487,0.635690488089289,http://www.thebigriddle.com/2016/12/the-chakras-seven-centers-of.html
0.933774834437086,1,1,0.196282527881041,0.962825278810409,0.442379182156134,0.981412639405204,0,0.5,1,1,0,1,0,0.5,0,3.13005736231813,2.38661710037175,2.5,1.5,5.94792153918117,0.630357339732852,https://creativitymovement.net/news/cries-of-back-to-england-for-dirty-henry/
0.921875,1,1,0.225352112676056,0.971830985915493,0.464788732394366,0.887323943661972,1,0.31578947368421,0,0,1,0.25,0,1,0.5,3.14722711267606,3.32394366197183,1.31578947368421,1.75,5.96060015520756,0.648345594159925,https://www.usasupreme.com/cnns-contributor-has-a-long-history-of-supporting-hitler-he-has-been-on-cnns-payroll-since-august-of-2013-photos/
0.988789237668161,0.5,1,0.321212121212121,1,0.686147186147186,1,1,0.05,0,0,1,0,0,1,1,2.81000135888028,3.68614718614719,1.05,2,5.96634284064217,0.604935183098568,https://awarenessact.com/china-builds-mind-blowing-covid-19-quarantine-camp-for-several-thousand-people/
0.632659932659933,0,0.982142857142857,0.3,0.982142857142857,0.517857142857143,1,1,0.133333333333333,0.5,1,1,0.5,1,0,0,1.91480278980279,3.5,2.63333333333333,1.5,5.96758507696008,0.558922057880391,https://therightscoop.com/awesome-blm-call-black-bloc-antifas-colonizers-kick-them-out-of-protest-h-i-l-a-r-i-o-u-s-antifa-gal-reaction-ensues/
0.979166666666667,0.583333333333333,0.951923076923077,0.161538461538462,0.951923076923077,0.543269230769231,0.975961538461539,1,0.416666666666667,0,0,1,1,0,0.5,0.5,2.67596153846154,3.47115384615385,1.41666666666667,2,5.97736378205128,0.628023968784838,http://now8news.com/white-nationalists-granted-permit-mock-hanging/
0.913793103448276,1,1,0,1,0.674796747967479,1,1,0,0,0,1,1,0,1,0,2.91379310344828,3.67479674796748,1,2,5.99286865713485,0.638138247949196,https://infostormer.com/covid-shots-create-nine-new-billionaires/
0.771634615384616,0.782608695652174,0.975186104218362,0.281885856079404,0.987593052109181,0.652605459057072,0.975186104218362,1,0.173913043478261,0,0,1,1,0,0.5,0.5,2.81131527133456,3.61538461538461,1.17391304347826,2,6.00038308137339,0.644145574073466,http://now8news.com/man-tries-to-trade-kidnapped-baby-for-15-big-macs-at-arkansas-mcdonalds/
0.831011351909185,0,1,0.135483870967742,0.89247311827957,0.623655913978494,1,1,0.133333333333333,0,1,1,1,0,0.5,0.5,1.96649522287693,3.51612903225806,2.13333333333333,2,6.0099734927927,0.559452132517582,https://conservativedailypost.com/jews-attacked-in-nyc-pogroms-begin-from-east-to-west-by-u-s-palestinian-terrorists-jewish-man-arrested/
1,1,1,0.125373134328358,1,0.45273631840796,0.950248756218906,1,0.090909090909091,0,0,1,1,0,1,0,3.12537313432836,3.40298507462687,1.09090909090909,2,6.0120420624152,0.648419955558178,https://infostormer.com/elon-musk-crashes-bitcoin-price-with-tweet/
0.756497768443161,1,1,0.328547579298831,0.98330550918197,0.691151919866444,1,1,0.375,0,1,1,0.5,0,0,0,3.08504534774199,3.67445742904841,2.375,0.5,6.021564235494,0.699893614473028,https://conservativedailypost.com/biden-regime-secretly-flying-migrant-invaders-into-tn-airport-under-cover-of-night/
0.655882352941176,1,0.989316239316239,0.247008547008547,1,0.497863247863248,1,1,0.259259259259259,0,0,1,0.5,0,1,0.5,2.89220713926596,3.49786324786325,1.25925925925926,2,6.03083102899279,0.643754417411707,https://www.usasupreme.com/breaking-video-kamala-harris-insults-south-korean-president-by-wiping-her-hand-off-after-shaking-his-hand/
0.775416301489921,0,1,0,1,0.5703125,1,1,0.333333333333333,0,0,1,1,0,1,1,1.77541630148992,3.5703125,1.33333333333333,3,6.04941383426453,0.537309750854196,https://local.theonion.com/conservative-man-misses-days-when-u-s-army-was-2-inche-1846942626
0.975961538461539,1,1,0.062275449101796,1,0.670658682634731,0.880239520958084,1,0.111111111111111,0,0,1,1,0,0.5,0.5,3.03823698756333,3.55089820359281,1.11111111111111,2,6.06265393891704,0.655762110116445,http://dailybuzzlive.com/student-fed-semen-filled-cupcakes-kids-bullied/
0.773998822143698,0.833333333333333,1,0.352428810720268,1,0.681742043551089,1,1,0.066666666666667,1,0,1,0,0,0.5,0.5,2.9597609661973,3.68174204355109,2.06666666666667,1,6.06760604775941,0.656613108560162,https://dailyoccupation.com/study-revels-covid-19-was-in-france-weeks-before-first-case-was-reported/
0.956709956709956,1,0.976525821596244,0.214084507042253,1,0.577464788732394,1,1,0,0,0,1,1,0,1,0,3.14732028534845,3.57746478873239,1,2,6.07799067130053,0.660309949287292,https://tmzworldnews.com/twitter-rolls-out-hide-replies-to-let-you-tame-toxic-discussions/122/
0.974662162162162,0.875,1,0.242990654205607,1,0.570093457943925,1,1,0.1,0,0,1,0,0,1,1,3.09265281636777,3.57009345794392,1.1,2,6.10171642144481,0.636673182731696,https://www.amren.com/blog/2021/05/why-i-no-longer-ignore-the-reality-of-race/
0.46684350132626,0.322033898305085,0.994703389830508,0.526271186440678,0.989406779661017,0.502118644067797,0.989406779661017,1,0.152542372881356,0.333333333333333,1,1,1,0,0.5,0,2.30985197590253,3.48093220338983,2.48587570621469,1.5,6.11041242844191,0.623225276214565,https://www.collective-evolution.com/2017/01/25/study-finds-stevia-kills-lyme-disease-pathogen-better-than-antibiotics/
0.912935323383085,0.333333333333333,1,0.062385321100918,0.984709480122324,0.434250764525994,1,1,0.066666666666667,1,1,1,0.5,0,0.5,0,2.30865397781734,3.41896024464832,3.06666666666667,1,6.1214255557077,0.597142627508647,https://www.gaia.com/article/nasas-james-webb-telescope-can-detect-alien-biosignatures-in-60-hours
0,1,0.741379310344828,0,1,0.741379310344828,0.827586206896552,1,1,1,1,0,0.5,0,0.5,0.5,1.74137931034483,3.56896551724138,3,1.5,6.13146551724138,0.610944527736132,https://dcgazette.com/2020/i-was-raped-by-top-democrat-donor-i-know-more-than-you-will-ever-know-about-their-evil-hollywood-actress-goes-off-on-biden-and-democrats/
0.919871794871795,1,0.958333333333333,0.016666666666667,0.979166666666667,0.4375,1,1,0,0,0,1,1,0,0.5,1,2.8948717948718,3.41666666666667,1,2.5,6.13221153846154,0.627452619843924,https://www.naturalnews.com/2021-05-23-chd-on-fda-covid-vaccines-off-market.html
0.476717902350813,1,1,0.370305676855895,1,0.599708879184862,0.992721979621543,1,0.129032258064516,0,1,1,0.75,0,0,0.5,2.84702357920671,3.5924308588064,2.12903225806452,1.25,6.13655418504852,0.674545960408244,https://inshapetoday.com/now-official-fda-announced-vaccines-causing-autism/
0.893194237456532,0.645390070921986,0.77859555984556,0.816312741312741,0.984314671814672,0.417833011583012,0.964406370656371,0,0.068557919621749,0,1,1,0.75,0,0.5,1,3.13349260953682,2.36655405405405,2.06855791962175,2.25,6.13662786450789,0.667648262963393,https://concisepolitics.com/middle-class-growth-party/
0.726775956284153,0,0.997347949080622,0.79052333804809,0.993811881188119,0.515558698727016,0.978783592644979,1,0.155313351498638,0.916666666666667,1,1,0.75,0,0,0,2.51464724341287,3.48815417256011,3.0719800181653,0.75,6.14048839633643,0.643360347736191,https://vigilantcitizen.com/musicbusiness/the-bad-boy-records-curse-why-so-many-artists-who-signed-with-diddy-became-religious/
0.922727272727273,0,0.993800371977681,0.685430874147551,0.987600743955363,0.640421574705518,0.978301301921885,1,0.325925925925926,0.048780487804878,1,1,0.75,0,0.5,0,2.6019585188525,3.60632362058277,2.3747064137308,1.25,6.1456178457288,0.644805470381533,https://foodbabe.com/quaker-oatmeal-ingredients-changed-because-of-you-food-babe-army-strikes-again/
0.950980392156863,1,1,0.260109289617486,0.972677595628415,0.644808743169399,0.94535519125683,1,0.0625,0,0,1,1,0,0,1,3.21108968177435,3.56284153005464,1.0625,2,6.14776950739312,0.673374631392115,http://farmwars.info/?p=18703
0,1,1,0.235211267605634,1,0.542253521126761,0.982394366197183,1,0.583333333333333,0,0,1,1,0,1,0.5,2.23521126760563,3.52464788732394,1.58333333333333,2.5,6.15199530516432,0.638660951214534,http://tdtalliance.com/twitter-announce-massive-purge-of-alt-right-accounts/
0.821428571428572,1,1,0.069565217391304,1,0.83695652173913,1,1,0.142857142857143,0,1,1,0,0,0.5,0.5,2.89099378881988,3.83695652173913,2.14285714285714,1,6.16925465838509,0.665703483661896,https://therightscoop.com/spread-this-meme-everywhere-seriously-its-the-greatest-distillation-ever-democrites-will-hate-it/
0.985632183908046,0,1,0.280459770114942,1,0.626436781609195,0.985632183908046,1,0.5,0,0,1,1,0,0.5,1,2.26609195402299,3.61206896551724,1.5,2.5,6.17385057471264,0.600049975012494,https://empirenews.net/michelle-obama-files-for-divorce-after-shocking-revelation-barack-obama-admits-im-gay/
0.868906185989348,0,0.995342929720576,0.920067739204064,0.943268416596105,0.576629974597798,0.972057578323455,0,0.109137055837563,0,1,1,0.5,0,1,1,2.78431685491399,2.49195596951736,2.10913705583756,2.5,6.17838117516807,0.618412477899907,https://www.darkmoon.me/2021/gaza-is-better-than-auschwitz/
0.515679701622314,0,0.997448443550566,1,0.987317263530754,0.580719238735629,0.974784618617357,0,0.105862805601709,0.875,0.875,1,0.5,0,1,0.5,2.51312814517288,2.54282112088374,2.85586280560171,2,6.19488254478646,0.623973525267336,https://www.returnofkings.com/62716/the-damaging-effects-of-jewish-intellectualism-and-activism-on-western-culture
0.936224489795918,0.310344827586206,0.996605566870332,0.519755600814664,0.996605566870332,0.541751527494908,0.996605566870332,1,0.114942528735632,1,1,1,0.5,0,0,0,2.76293048506712,3.53496266123557,3.11494252873563,0.5,6.19552229689895,0.659241767162472,https://info.cmsri.org/blog/has-snopes-been-snoped-will-retraction-watch-retract
0.77328431372549,1,1,0.412698412698413,1,0.746031746031746,1,1,0,0,0,1,0,0,1,1,3.1859827264239,3.74603174603175,1,2,6.20750904528478,0.664205537287379,https://awarenessact.com/prepare-yourselves-for-the-coming-blood-moon-eclipse-chaos-is-coming/
0.425647451963241,1,1,0.140677966101695,1,0.661016949152542,0.957627118644068,1,0.25,0,0,1,1,0,1,0.5,2.56632541806494,3.61864406779661,1.25,2.5,6.20935592866347,0.643608253007857,http://news4ktla.com/60-year-old-cocaine-dealing-grandma-busted-100-kilos/
0.774888143176734,1,0.995744680851064,0.553191489361702,0.991489361702128,0.565957446808511,1,1,0.059701492537314,1,0.5,1,0,0,0.5,0,3.3238243133895,3.55744680851064,2.55970149253731,0.5,6.21310788402341,0.703886610321111,http://dont-tread-on.me/?p=33125
0.935158501440922,0.878048780487805,1,0.460869565217391,0.993961352657005,0.607487922705314,0.993961352657005,1,0.073170731707317,0,0,1,0,0,1,1,3.27407684714612,3.59541062801932,1.07317073170732,2,6.21416137929547,0.662185800295379,https://awarenessact.com/yellowstone-will-erupt-again-and-likely-destroy-most-of-the-united-states/
0.957627118644068,1,1,0.150495049504951,0.95049504950495,0.554455445544555,1,0,0.333333333333333,1,0.5,1,1,0,0.5,0,3.10812216814902,2.5049504950495,2.83333333333333,1.5,6.21650374783241,0.686665523589942,https://coed.com/2021/04/03/florida-wastewater-plant-leak-imminent-with-millions-of-gallons-of-radioactive-water/
1,1,0.935064935064935,0,1,0.545454545454545,1,1,0,0,0,1,1,0,1,0.5,2.93506493506493,3.54545454545454,1,2.5,6.23782467532467,0.642433653303219,https://www.bighairynews.com/2020/03/dems-place-ginsburg-in-bubble.html
0,0.84375,0.973451327433628,0.410619469026549,1,0.672566371681416,1,1,0.125,0,1,1,1,0,1,0,2.22782079646018,3.67256637168142,2.125,2,6.2658669800885,0.644856194690266,https://www.react365.com/58dc51cbd431f/whale-spotted-in-illinois-river.html
1,1,1,0.164102564102564,1,0.641025641025641,1,1,0.25,0,0,1,1,0,1,0,3.16410256410256,3.64102564102564,1.25,2,6.28445512820513,0.685841694537347,https://pollhype.com/article/historically-accurate-prediction-model-says-trump-will-win-2020
0.89588319770225,0.694656488549618,0.811344484970444,0.773386995346497,0.98302100364734,0.423971827443089,0.961011193560558,0,0.078880407124682,0,1,1,1,0,0.5,1,3.17527116656881,2.36800402465099,2.07888040712468,2.5,6.3263472489653,0.682173869654525,https://concisepolitics.com/2018/05/21/proof-trump-is-a-british-rothschilds-crime-syndicate-tool/
0.883616830796777,1,0.993523316062176,0.592487046632124,0.996761658031088,0.616256476683937,0.99190414507772,1,0.05586592178771,0.5,0.5,1,0.5,0,0.5,0,3.46962719349108,3.60492227979275,2.05586592178771,1,6.33150962191971,0.722516972853709,https://info.cmsri.org/blog/5th-international-symposium-on-vaccines-features-new-findings-on-autoimmune-reactions-
0.80832338902148,0,0.838023891476007,0.827454950394817,0.977728285077951,0.610244988864143,0.985827090504151,1,0.160237388724036,0.423076923076923,1,1,1,0,0.5,0,2.4738022308923,3.57380036444624,2.58331431180096,1.5,6.33182306696219,0.656189602592033,https://beforeitsnews.com/politics/2021/05/special-broadcast-mel-k-exposes-luciferians-pope-vatican-oprah-epstein-disney-more-must-see-video-w-clay-clark-3234730.html
0.843253968253968,1,1,0.758095238095238,0.976190476190476,0.566666666666667,0.995238095238095,1,0,0,0,1,0.5,0,0.5,1,3.60134920634921,3.53809523809524,1,2,6.33715277777778,0.708336783988958,http://www.mentor2day.com/2017/04/10-things-that-happen-when-you-meet.html
0.868630573248407,0.751434034416826,0.811691961776279,0.827318718381113,0.986415589282369,0.383080382237212,0.963931047404909,0,0.082217973231358,0.285714285714286,0.714285714285714,1,1,0,0.5,1,3.25907528782263,2.33342701892449,2.08221797323136,2.5,6.35920017498655,0.691416100155378,https://concisepolitics.com/2019/06/08/aspirin-and-caffeine-keep-us-well-at-low-costs-and-drive-rothschilds-mafia-insane-as-they-maximize-ripoffs-and-deaths/
0.953198127925117,1,1,0.746192670616634,0.986833443054641,0.630239192451174,0.994513934606101,1,0.120967741935484,0,0,1,0.75,0,1,0,3.69939079854175,3.61158657011192,1.12096774193548,1.75,6.36371569411822,0.733285606834297,https://thereporterz.com/covid-19-live-news-updates-on-cases-and-vaccines/
0.705788804071247,0.814814814814815,1,0.343897996357013,1,0.626593806921675,0.908925318761385,1,0.925925925925926,0.214285714285714,0.142857142857143,1,0.5,0,0.5,0.5,2.86450161524307,3.53551912568306,2.28306878306878,1.5,6.36443095249683,0.706905377532931,https://www.eutimes.net/2021/05/all-men-will-become-infertile-by-2045-according-to-top-us-doctor/
0.933035714285714,0.807692307692308,0.795640326975477,0.120980926430518,0.986376021798365,0.645776566757493,1,1,0.423076923076923,0,1,1,0,0,0.5,1,2.65734927538402,3.63215258855586,2.42307692307692,1.5,6.3828617418855,0.66557349918178,https://realnewsrightnow.com/2020/08/scientists-say-a-tribe-of-apes-in-west-africa-is-close-to-developing-their-own-internet/
0.71282311937264,0.777777777777778,1,0.473220338983051,0.993220338983051,0.535593220338983,0.996610169491525,1,0.244444444444444,0,1,1,0.5,0,1,0,2.96382123613347,3.52542372881356,2.24444444444444,1.5,6.39605588086967,0.683555076784881,https://www.dailysignal.com/2021/05/23/we-hear-you-critical-race-theory-enhanced-unemployment-and-americas-birthrate/
0.899193548387097,0.166666666666667,1,0.002030456852792,1,0.67005076142132,1,1,0.5,0,0,1,1,0,1,1,2.06789067190656,3.67005076142132,1.5,3,6.39871339582992,0.593242608268487,https://local.theonion.com/i-guess-i-d-watch-another-says-woman-unaware-boyfrie-1846927695
0.722560048647005,1,1,0.226833631484794,0.98211091234347,0.364937388193202,1,1,0.111111111111111,0.666666666666667,0.666666666666667,1,1,0,0.5,0,2.9493936801318,3.34704830053667,2.44444444444444,1.5,6.40055401569557,0.679359702103361,https://www.gaia.com/article/music-found-to-significantly-reduce-pain-anxiety-in-postop-heart-surgeries
0.98062015503876,1,1,0.272,0.98,0.4,0.96,1,0.153846153846154,0,0,1,1,0,0.5,1,3.25262015503876,3.34,1.15384615384615,2.5,6.40404144305307,0.676301418163906,https://centerforsecuritypolicy.org/pro-palestinians-assault-jewish-diners-in-los-angeles/
0.870838117106774,0,0.989566613162119,0.783627608346709,0.98314606741573,0.546548956661316,0.951845906902086,0,0.130337078651685,0.5,1,1,0.5,0,1,1,2.6440323386156,2.48154093097913,2.63033707865169,2.5,6.40994396765401,0.624088512381537,https://www.darkmoon.me/2021/moscow-celebrates-victory-day-how-stalin-defeated-hitler/
0.969879518072289,1,0.956521739130435,0,1,0.695652173913043,1,1,0.142857142857143,0,0,1,1,0,1,0.5,2.92640125720272,3.69565217391304,1.14285714285714,2.5,6.41556910873307,0.66623040907893,https://www.bighairynews.com/2020/03/silver-alert-issued-for-biden.html
0.969135802469136,1,0.96031746031746,0,1,0.682539682539682,1,1,0.2,0,0,1,1,0,1,0.5,2.9294532627866,3.68253968253968,1.2,2.5,6.44499559082892,0.670159496971091,https://www.bighairynews.com/2020/03/iran-quarantines-young-boys-to-halt-coronavirus-spread-in-men.html
0.447257383966245,0.166666666666667,1,0.477966101694915,0.991525423728814,0.771186440677966,1,1,0.458333333333333,1,1,1,0.5,0,0,0.5,2.09189015232783,3.76271186440678,3.45833333333333,1,6.44558459379246,0.653065368195542,https://www.breitbart.com/health/2021/05/23/anthony-fauci-reverses-course-not-convinced-chinese-coronavirus-developed-naturally/
0.957865168539326,0.285714285714286,1,0.279178885630498,0.970674486803519,0.69208211143695,1,1,0.142857142857143,0,1,1,1,0,0.5,0.5,2.52275833988411,3.66275659824047,2.14285714285714,2,6.45523255061358,0.640071188404706,http://dailybuzzlive.com/human-meat-found-mcdonalds-meat-factory/
0.990118577075099,0.84375,1,0.443150684931507,1,0.73458904109589,1,1,0.34375,0,1,1,0,0,1,0,3.27701926200661,3.73458904109589,2.34375,1,6.47209893943906,0.717287708310283,https://tmzworldnews.com/trump-marks-mars-as-nasas-next-target-says-moon-is-not-so-exciting/311/
0,0,1,0.345833333333333,0.977678571428572,0.769345238095238,1,1,0.548387096774194,1,0.714285714285714,1,0.5,0,0.5,1,1.34583333333333,3.74702380952381,3.26267281105991,2,6.47220622119816,0.590982935951379,https://threepercenternation.com/2021/05/22/what-caitlyn-jenner-just-said-about-trans-sports-shocked-everyone-3/
0.696358748778103,0,1,0.338810198300283,0.992917847025496,0.539660056657224,0.992917847025496,1,0.486486486486487,0.5,0.833333333333333,1,0.5,0,0.5,1,2.03516894707839,3.52549575070822,2.81981981981982,2,6.48780282350401,0.609718611006709,https://chemicalviolence.com/2021-05-19-covid-vaccines-prion-brain-degeneration-mad-cow.html
0.984615384615385,1,1,0.500248138957816,1,0.485111662531017,0.981389578163772,1,0.465116279069767,0,1,1,0.5,0,0.5,0,3.4848635235732,3.46650124069479,2.46511627906977,1,6.5103006520861,0.743557419455198,https://nypost.com/2021/05/15/professor-allegedly-fired-for-reading-racial-slur-from-mark-twain-book/
0.904761904761905,0.642857142857143,0.972299168975069,0.269252077562327,1,0.529085872576177,0.986149584487535,1,0.142857142857143,1,1,1,0,0,0.5,0.5,2.78917029415644,3.51523545706371,3.14285714285714,1,6.52953930879831,0.667312445874411,https://thedailykenn.blogspot.com/2021/05/toddlers-heart-ripped-in-half-during.html
0.808662280701754,0.241071428571428,0.997450280469148,0.694135645079041,1,0.648138704742478,1,1,0.285714285714286,0.285714285714286,1,1,1,0,0.5,0,2.74131963482137,3.64813870474248,2.57142857142857,1.5,6.53805431937026,0.687992014323995,https://www.collective-evolution.com/2021/05/22/obama-says-ufos-are-real-we-dont-know-what-they-are-hes-probably-lying/
0.90702479338843,0.615384615384616,0.975728155339806,0.214563106796116,1,0.62378640776699,0.975728155339806,1,0.153846153846154,1,1,1,0,0,0.5,0.5,2.71270067090897,3.5995145631068,3.15384615384615,1,6.5412883674137,0.665678877705433,https://thedailykenn.blogspot.com/2021/05/invisible-tattoo-records-your.html
0.772604588394062,0.791666666666667,0.724669603524229,0.217621145374449,0.977973568281938,0.515418502202643,1,1,0.75,0.230769230769231,1,1,0,0,0.5,1,2.50656200395941,3.49339207048458,2.98076923076923,1.5,6.55045206575826,0.685447634268439,https://realnewsrightnow.com/2020/08/aides-say-trump-may-call-off-election-if-he-cant-lose-30-pounds-by-november/
0.885416666666666,0,0.997064250964603,0.825733937258849,0.958899513504445,0.56005703740983,0.976514007716826,0,0.126348228043143,0.666666666666667,1,1,0.5,0,1,1,2.70821485489012,2.4954705586311,2.79301489470981,2.5,6.56043769264439,0.638212592537949,https://www.darkmoon.me/2021/israel-the-big-lie/
0.9609375,1,1,0.539449541284404,1,0.602446483180428,1,1,0.4,0,1,1,1,0,0,0,3.5003870412844,3.60244648318043,2.4,1,6.56427095279052,0.762831156096264,https://conservativedailypost.com/democrat-arrested-after-punching-woman-in-face-in-restaurant/
0.975961538461539,0,1,0.367770419426048,0.966887417218543,0.420529801324503,0.988962472406181,1,0.512820512820513,0.909090909090909,0.363636363636364,1,0.5,0,0.5,1,2.34373195788759,3.37637969094923,2.78554778554779,2,6.56603714649037,0.624669545350513,https://original.antiwar.com/ted_galen_carpenter/2021/05/10/just-whose-coast-is-the-coast-guard-guarding/
1,0.772727272727273,1,0.369590643274854,1,0.590643274853801,1,1,0.272727272727273,1,1,1,0,0,0.5,0,3.14231791600213,3.5906432748538,3.27272727272727,0.5,6.5660552897395,0.713204123616023,https://drrichswier.com/2021/05/23/new-hampshire-audit-confirms-voting-machines-results-unreliable/
0.918300653594771,0.927248677248677,0.998100303951368,0.849848024316109,0.990501519756839,0.582446808510638,0.991641337386018,0,0.273809523809524,0,0,1,1,0,1,1,3.69349765911093,2.56458966565349,1.27380952380952,3,6.58243553035871,0.732658641625013,https://www.amren.com/archives/back-issues/march-2009/#article2
0.523968576314664,0,0.995173745173745,0.868918918918919,0.996138996138996,0.561293436293436,0.980212355212355,0,0.107371794871795,1,1,1,1,0,1,0.5,2.38806124040733,2.53764478764479,3.10737179487179,2.5,6.58317363932745,0.639551672364376,https://www.returnofkings.com/196245/2-signs-to-identify-a-liberal-in-disguise
0.164888858302938,0.678217821782178,1,0.634562910560889,0.991157150075796,0.499747347145023,0.967155128852956,0,0.099009900990099,1,1,1,1,0,1,0.5,2.47766959064601,2.45805962607377,3.0990099009901,2.5,6.58421194856867,0.659352340822168,https://www.returnofkings.com/195747/the-devolution-of-the-west-can-be-seen-through-popular-sports
0.97787610619469,1,1,0.259360730593607,0.885844748858448,0.360730593607306,0.954337899543379,1,0.6,0,0,1,1,0,0.5,1,3.2372368367883,3.20091324200913,1.6,2.5,6.58634379924839,0.701361869071526,https://empirenews.net/trump-to-host-massive-i-beat-impeachment-party-at-white-house-this-weekend/
0.765763586518303,0.318181818181818,0.989239598278335,0.610329985652798,0.992826398852224,0.670014347202295,1,1,0.363636363636364,0.666666666666667,0.666666666666667,1,1,0,0.5,0,2.68351498863125,3.66284074605452,2.6969696969697,1.5,6.58957839478467,0.693156075457995,https://www.collective-evolution.com/2021/05/21/sweden-says-pcr-tests-cannot-be-used-to-determine-whether-someone-is-contagious/
0.714539007092199,0,1,0.355405405405405,1,0.611486486486486,1,1,0.375,1,1,1,1,0,0.5,0,2.0699444124976,3.61148648648649,3.375,1.5,6.59776931186506,0.639924661016243,https://coed.com/2021/04/03/unopened-super-mario-bros-game-shatters-video-game-auction-record/
0.968354430379747,0.880952380952381,1,0.372332942555686,1,0.431418522860492,0.994138335287222,1,0.166666666666667,1,0.75,1,0.5,0,0.5,0,3.22163975388781,3.42555685814771,2.91666666666667,1,6.60241454918887,0.712472762853271,https://www.bostonleader.com/partial-revival-of-dead-pig-brains-announced/
0.277392947103274,0.434782608695652,0.995017438963627,0.523368211260588,0.997508719481814,0.608868958644743,0.997508719481814,1,0.48695652173913,1,0.769230769230769,1,0.5,0,0.5,0.5,2.23056120602314,3.60388639760837,3.2561872909699,1.5,6.61914680912588,0.66859407310795,https://newswithviews.com/a-requiem-for-qanon/
0.956709956709956,0.782608695652174,0.809160305343512,0.14147582697201,0.961832061068702,0.60559796437659,1,1,0.478260869565217,0.4,1,1,0,0,0.5,1,2.68995478467765,3.56743002544529,2.87826086956522,1.5,6.6472785498051,0.684183285941609,https://realnewsrightnow.com/2020/08/oregon-fire-dept-in-hot-water-after-first-responders-kill-unarmed-man-with-hose/
0.678490443796566,1,1,0.45398773006135,0.993865030674847,0.644171779141104,0.993865030674847,1,0.205128205128205,1,0.666666666666667,1,0.5,0,0.5,0,3.13247817385792,3.6319018404908,2.87179487179487,1,6.64760930383974,0.731121991522044,https://www.bostonleader.com/airbnb-will-soon-offer-upscale-rooms-at-rockefeller-center/
1,1,1,0.059504132231405,0.917355371900827,0.669421487603306,1,1,0,0,0,1,1,0,1,1,3.0595041322314,3.58677685950413,1,3,6.65392561983471,0.667481135465325,http://militianews.com/palestinians-celebrating-the-fall-of-the-twin-towers-on-911
0.969670710571924,0.597701149425287,1,0.436165237724084,0.992205767731878,0.579111457521434,1,1,0.333333333333333,1,0.75,1,0,0,0.5,0.5,3.0035370977213,3.57131722525331,3.08333333333333,1,6.66136728519246,0.700010508685446,https://stormcloudsgathering.com/posts/the-biden-presidency-disaster/
0.956521739130435,0,1,0.583077948034644,0.993337774816789,0.503664223850766,0.993337774816789,1,0.285714285714286,0.411764705882353,0.941176470588235,1,1,0,1,0,2.53959968716508,3.49033977348434,2.63865546218487,2,6.66787182677144,0.655390819235472,https://madworldnews.com/theory-trump-path-victory/
0.957805907172996,0.833333333333333,1,0.403846153846154,0.980769230769231,0.548076923076923,1,1,0.3,0.833333333333333,0.833333333333333,1,0.5,0,0.5,0,3.19498539435248,3.52884615384615,2.96666666666667,1,6.68156138429081,0.72615257609754,https://info.cmsri.org/blog/-discovery-of-shockingly-high-levels-of-aluminum-in-brains-of-individuals-with-autism-suggests-link-with-aluminum-containing-vaccines
0.90870786516854,0.415584415584415,1,0.636932391523713,0.994954591321897,0.601412714429869,0.984863773965691,1,0.168831168831169,0.5,1,1,1,0,0.5,0,2.96122467227667,3.58123107971746,2.66883116883117,1.5,6.69455432551581,0.706096820643175,https://foodbabe.com/why-i-avoid-these-9-controversial-ingredients-in-my-personal-care-products/
0.935530085959885,1,1,0.422222222222222,1,0.602272727272727,0.993686868686869,1,0.414634146341463,1,0.846153846153846,1,0,0,0,0.5,3.35775230818211,3.5959595959596,3.26078799249531,0.5,6.69656243539813,0.750494839158936,https://stormcloudsgathering.com/posts/covid-19-the-orwellian-nightmare-how-to-fight-back/
0.97564935064935,1,1,0.345482388973966,0.98468606431853,0.640122511485451,1,1,0.275862068965517,0.5,0.5,1,0.5,0,0.5,0.5,3.32113173962332,3.62480857580398,2.27586206896552,1.5,6.70112649024551,0.729960311206939,https://www.teaparty.org/breaking-judge-dismisses-election-lawsuit-464898/
0.914772727272727,0.537037037037037,1,0.630122116689281,1,0.633649932157395,1,1,0.462962962962963,1,0.625,1,0.5,0,0.5,0,3.08193188099905,3.63364993215739,3.08796296296296,1,6.75221548507463,0.734749943737614,https://www.infowars.com/posts/bombshell-nobel-prize-winner-reveals-covid-vaccine-is-creating-variants/
1,1,0.985590778097982,0.341210374639769,1,0.567723342939481,0.942363112391931,1,0.470588235294118,0,0,1,1,0,0.5,1,3.32680115273775,3.51008645533141,1.47058823529412,2.5,6.75467240210205,0.729487311777236,https://empirenews.net/multiple-people-hospitalized-several-arrested-during-rush-limbaugh-has-cancer-celebration-in-boston/
0.938162544169611,0.857142857142857,1,0.382866556836903,1,0.670510708401977,0.950576606260296,1,0.2,1,0.333333333333333,1,0.5,0,0,1,3.17817195814937,3.62108731466227,2.53333333333333,1.5,6.77037037884061,0.722664551594613,http://farmwars.info/?p=18678
0.92603550295858,1,1,0.265671641791045,1,0.552238805970149,1,1,0.6,0,0,1,0.5,0,1,1,3.19170714474962,3.55223880597015,1.6,2.5,6.77746621919986,0.715372327966548,http://militianews.com/the-fbi-versus-the-citizens
0.751221001221001,1,1,0.043537414965986,0.965986394557823,0.659863945578231,0.931972789115646,1,0.5,0,0,1,1,0,1,1,2.79475841618699,3.5578231292517,1.5,3,6.78286346589918,0.68768381377077,https://local.theonion.com/grandma-who-supposedly-loves-you-more-than-anything-can-1846920495
0.863523573200992,0.800995024875622,0.997719671632715,0.832107023411371,0.994679233809669,0.689875342049255,0.987078139252052,1,0.121890547263682,0.214285714285714,0.928571428571429,1,1,0,0.5,0,3.4943452931207,3.67163271511098,2.26474769012082,1.5,6.83170356147031,0.765952108315221,https://gatesofvienna.net/2016/06/piss-christ-piss-koran-part-one/
0.986033519553073,0.761904761904762,1,0.218633540372671,1,0.518633540372671,1,1,0.523809523809524,0,1,1,1,0,1,0,2.9665718218305,3.51863354037267,2.52380952380952,2,6.88063430375794,0.717329046708819,https://usamagazinestudio.com/mike-lindell-trump-won-maricopa-county-by-80k-votes/
0.549744081893794,0,0.903780068728522,0.575945017182131,0.989690721649485,0.618556701030928,0.989690721649485,1,0.313432835820896,1,0.571428571428571,1,0.5,0,1,1,2.02946916780445,3.5979381443299,2.88486140724947,2.5,6.88266794961488,0.636329699745355,https://www.dcclothesline.com/2021/05/15/its-war-israeli-forces-strike-gaza-as-the-world-braces-for-a-horrific-conflict-in-the-middle-east/
0.96900826446281,0,0.991023339317774,0.474685816876122,1,0.66786355475763,1,1,0.175,1,1,1,0.75,0,0.5,0.5,2.43471742065671,3.66786355475763,3.175,1.75,6.89223810963396,0.664731496886392,https://smag31.com/daycare-posts-bold-sign-to-parents-you-are-picking-up-your-child-get-off-your-phone/
0.746340232205957,0.888888888888889,0.996575342465753,0.547945205479452,0.982876712328767,0.602739726027397,0.993150684931507,1,0.355555555555556,0.526315789473684,0.894736842105263,1,1,0,0.5,0,3.17974966904005,3.57876712328767,2.7766081871345,1.5,6.89695311216389,0.754187191057243,https://barenakedislam.com/2021/05/22/following-the-israel-hamas-ceasefire-the-war-on-israel-shifts-to-the-u-s/
0.911971830985916,1,1,0.215625,1,0.4921875,1,1,0.4375,0,1,1,1,0,1,0,3.12759683098592,3.4921875,2.4375,2,6.9108027068662,0.731747550520515,https://usamagazinestudio.com/after-having-his-life-threatened-a-judge-finally-ruled-to-support-mike-lindell/
0.923312883435583,0.324324324324324,1,0.380141843971631,1,0.539007092198581,0.99290780141844,1,0.648648648648649,0.5,0.75,1,0.5,0,0.5,1,2.62777905173154,3.53191489361702,2.89864864864865,2,6.91146412124826,0.688184502385736,https://chemicalviolence.com/2021-05-21-nobel-prize-winner-covid-vaccination-unacceptable-mistake.html
0.484126984126984,0.761904761904762,1,0.277844311377246,0.99001996007984,0.530938123752495,1,1,0.428571428571429,1,0.625,1,0.5,0,0.5,1,2.52387605740899,3.52095808383233,3.05357142857143,2,6.93650348113297,0.689633052735109,http://www.thebigriddle.com/2016/12/revolutionary-prison-system-teaches.html
0.989711934156378,1,0.988814317673378,0.242505592841163,0.988814317673378,0.496644295302013,0.988814317673378,1,0.241379310344828,0.666666666666667,1,1,1,0,0,0.5,3.22103184467092,3.47427293064877,2.90804597701149,1.5,6.93959422020699,0.741517904151744,https://www.breitbart.com/politics/2021/05/23/nyt-black-lives-matter-support-has-dropped-back-to-2019-levels/
0.933481152993348,0.814814814814815,0.966824644549763,0.44739336492891,1,0.511848341232227,0.976303317535545,1,0.296296296296296,0.666666666666667,1,1,0.5,0,0.5,0.5,3.16251397728684,3.48815165876777,2.96296296296296,1.5,6.94601787438598,0.733898728218561,https://www.teaparty.org/obama-appointed-activist-judge-orders-private-christian-college-to-allow-biological-males-to-shower-with-women-465040/
0.889434889434889,0.444444444444444,1,0.474409044193217,0.974306269270298,0.558067831449126,1,1,0.351851851851852,0.5,1,1,1,0,0,1,2.80828837807255,3.53237410071942,2.85185185185185,2,6.99532145665239,0.708864441301101,http://farmwars.info/?p=16189
0.981481481481482,1,1,0.505389221556886,1,0.660678642714571,1,1,0.070175438596491,1,1,1,0,0,0.5,0.5,3.48687070303837,3.66067864271457,3.07017543859649,1,7.01107799021839,0.758297338706772,https://stormcloudsgathering.com/posts/how-to-defeat-big-tech-censorship/
0.970588235294118,1,1,0.516098707403055,0.976498237367802,0.659224441833137,0.994124559341951,1,0.102040816326531,1,1,1,0.5,0,0.5,0,3.48668694269717,3.62984723854289,3.10204081632653,1,7.01160937347912,0.769961919269317,https://www.bostonleader.com/amazon-closes-its-domestic-e-commerce-operations-in-china/
0.919871794871795,1,0.958333333333333,0.016666666666667,0.979166666666667,0.4375,1,1,0.428571428571429,0,1,1,1,0,0.5,1,2.8948717948718,3.41666666666667,2.42857142857143,2.5,7.02506868131868,0.708197961458831,https://www.naturalnews.com/2021-05-22-mask-wearers-feel-paranoid-angry-confused-and-stupid.html
0.919871794871795,1,0.958333333333333,0.016666666666667,0.979166666666667,0.4375,1,1,0.428571428571429,0,1,1,1,0,0.5,1,2.8948717948718,3.41666666666667,2.42857142857143,2.5,7.02506868131868,0.708197961458831,https://www.naturalnews.com/2021-05-10-pfizer-vaccine-catastrophic-damage-every-body-system.html
0.609962406015038,1,1,0.114728682170542,1,0.534883720930233,1,1,0.5,1,0,1,1,0,1,0.5,2.72469108818558,3.53488372093023,2.5,2.5,7.03723425569738,0.712342534800094,https://www.subjectpolitics.com/melania-trump-unveils-america-the-beautiful-christmas/
0.692028985507246,1,1,0.565962180200222,1,0.710789766407119,1,1,0.05,1,1,1,0.75,0,0.5,0,3.25799116570747,3.71078976640712,3.05,1.25,7.04298808257162,0.765370610627365,https://www.empireherald.com/10-best-ways-on-how-to-detect-a-peeping-tom/
0.964285714285714,1,1,0.383585313174946,1,0.632829373650108,0.967602591792656,1,0.333333333333333,1,1,1,1,0,0,0,3.34787102746066,3.60043196544276,3.33333333333333,1,7.05102270389797,0.781706755385035,https://www.iflscience.com/health-and-medicine/coconut-oil-bad/
0.803571428571429,1,1,0.445398773006135,1,0.670245398773006,0.992331288343558,1,0.411764705882353,1,1,1,0,0,0.5,0.5,3.24897020157756,3.66257668711656,3.41176470588235,1,7.0770697466103,0.765203942339806,https://en.newsner.com/news/mans-family-told-he-died-in-car-wreck-but-video-shows-him-being-kicked-dragged-and-tased-by-police/
0.955156950672646,1,1,0.328888888888889,1,0.588888888888889,0.988888888888889,1,0.222222222222222,1,1,1,0.25,0,0.5,0.5,3.28404583956153,3.57777777777778,3.22222222222222,1.25,7.08377864972596,0.750351812135786,https://smag31.com/parents-worst-nightmare-11-year-old-daughter-dies-from-using-toothpaste/
0.666132478632479,1,1,0.092307692307692,1,0.564102564102564,1,1,0.555555555555556,1,1,1,1,0,0.5,0,2.75844017094017,3.56410256410256,3.55555555555556,1.5,7.11131143162393,0.743413229282795,https://coed.com/2021/04/03/dmx-drug-overdose-grave-condition/
0.967741935483871,1,1,0.106976744186047,0.961240310077519,0.631782945736434,1,1,0.714285714285714,0,1,1,1,0,1,0,3.07471867966992,3.59302325581395,2.71428571428571,2,7.11376728110599,0.755262262770662,https://usamagazinestudio.com/flash-briefing-cdc-caught-manipulating-data/
0.975550122249389,0.880952380952381,1,0.442518059855521,0.98968008255934,0.437564499484004,1,1,0.857142857142857,0.533333333333333,0.8,1,0.5,0,1,0,3.29902056305729,3.42724458204334,3.19047619047619,1.5,7.13546333473551,0.77493999037514,https://www.dailysignal.com/2021/05/21/biden-advisers-link-amnesty-for-illegal-immigrants-with-environmental-justice/
0.905335628227194,0,1,0.518977119784657,0.993270524899058,0.481830417227456,0.979811574697174,1,0.04,1,1,1,0.5,0,1,1,2.42431274801185,3.45491251682369,3.04,2.5,7.13701579052221,0.64685287281559,http://militianews.com/so-whats-a-patriot-to-do-confront-a-liberal-today
0.948320413436693,1,1,0.460821309655938,0.994450610432852,0.456159822419534,0.988901220865705,1,0.074074074074074,1,1,1,1,0,0.5,0,3.40914172309263,3.43951165371809,3.07407407407407,1.5,7.139204656803,0.763798912633036,https://www.empireherald.com/7-good-things-about-marijuana-for-your-body-and-mind/
0.965,0.855072463768116,1,0.482861896838602,0.991680532445924,0.596505823627288,0.991680532445924,1,0.101449275362319,1,1,1,0.5,0,0.5,0.5,3.30293436060672,3.57986688851913,3.10144927536232,1.5,7.17765657780511,0.752815429440745,https://newswithviews.com/democrats-attempt-to-reset-america-part-1/
0.883720930232558,0.689265536723164,1,0.689192263936291,0.99004550625711,0.59613196814562,0.995733788395905,1,0.163841807909605,1,1,1,0.5,0,0.5,0.5,3.26217873089201,3.58191126279864,3.1638418079096,1.5,7.19245737600016,0.756460331107133,https://gatesofvienna.net/2011/03/is-secularization-possible-in-islamic-countries/
0.965397923875432,0.516129032258064,1,0.253211009174312,0.990825688073395,0.706422018348624,0.981651376146789,1,0.290322580645161,0.666666666666667,0.666666666666667,1,0.5,0,1,1,2.73473796530781,3.67889908256881,2.62365591397849,2.5,7.21080810115945,0.696910489376629,https://clashdaily.com/2021/05/these-state-republicans-got-250k-from-clinics-offering-sex-hormones-to-trans-kids/
0.761368511368511,0.905660377358491,1,0.287947882736156,0.98371335504886,0.519543973941368,0.99185667752443,1,0.584905660377358,0.074074074074074,1,1,1,0,0.5,1,2.95497677146316,3.49511400651466,2.65897973445143,2.5,7.25566907026828,0.743296457971941,https://humansarefree.com/2021/05/canadian-government-lures-children-with-ice-cream-to-take-covid-vaccine-without-parental-consent.html
0.992012779552716,1,1,0.421418234442836,0.985528219971057,0.493487698986975,1,1,0.25,1,1,1,0.5,0,1,0,3.41343101399555,3.47901591895803,3.25,1.5,7.27652933309599,0.769839656536957,https://madworldnews.com/defense-sec-biden-transition-team/
0.440032858707558,0.907407407407407,1,0.750691244239631,0.971198156682028,0.550691244239631,0.994239631336406,1,0.046296296296296,1,1,1,0.5,0,0.5,1,3.0981315103546,3.51612903225806,3.0462962962963,2,7.2878480243181,0.749346639049067,http://www.mentor2day.com/2017/05/10-things-narcissists-fear-most.html
0.68073047858942,0.909090909090909,1,0.264295485636115,0.979480164158687,0.623803009575923,0.993160054719562,1,0.745454545454545,0.25,0.972222222222222,1,0.75,0,0.5,1,2.85411687331644,3.59644322845417,2.96767676767677,2.25,7.29264804340462,0.751933819855653,https://humansarefree.com/2021/05/fauci-finally-admits-covid-19-may-have-come-from-wuhan-lab.html
0.656609195402299,0.038461538461538,1,0.478928136419001,0.993909866017052,0.488428745432399,1,1,0.538461538461538,1,1,1,0.5,0,1,1,2.17399887028284,3.48233861144945,3.53846153846154,2.5,7.30924938762114,0.669869031098617,https://www.dcclothesline.com/2021/05/17/go-out-and-abuse-people-who-arent-wearing-a-covid-mask-thats-the-message-from-china-joes-science-regim/
0.928571428571429,0.523809523809524,1,0.462365591397849,1,0.548387096774193,1,1,0.738095238095238,1,1,1,0.5,0,1,0,2.9147465437788,3.54838709677419,3.73809523809524,1.5,7.31326804915515,0.756027516195819,https://www.dailysignal.com/2018/01/03/why-dreamers-have-no-right-to-demand-anything/
0.960801393728223,0.913793103448276,1,0.601698236446767,0.993468321358589,0.510124101894187,0.986936642717179,1,0.336206896551724,0.473684210526316,0.947368421052632,1,1,0,1,0,3.47629273362327,3.49052906596995,2.75725952813067,2,7.32755082982743,0.785028900915074,https://madworldnews.com/general-insurrection-act-trump/
0.992937853107345,1,1,0.577497371188223,0.98422712933754,0.64248159831756,1,1,0.051724137931035,1,1,1,1,0,0.5,0,3.57043522429557,3.6267087276551,3.05172413793103,1.5,7.34304255617607,0.796749284823984,https://www.empireherald.com/how-to-write-a-resume-for-a-general-labour-position/
0.776182432432433,1,1,0.566313309776207,1,0.587750294464075,1,1,0.25,0.833333333333333,0.833333333333333,1,0.5,0,0.5,1,3.34249574220864,3.58775029446408,2.91666666666667,2,7.40432043958711,0.775803132599491,https://chemicalviolence.com/2021-05-13-25-percent-vaccinated-people-suffer-mild-effects.html
0.924242424242424,0.523809523809524,1,0.49064039408867,1,0.618226600985222,1,1,0.80952380952381,0.5,1,1,1,0,1,0,2.93869234214062,3.61822660098522,3.30952380952381,2,7.41652672040603,0.771623279269456,http://yesimright.com/trump-on-obama-ill-never-forgive-him-for-what-he-did-to-our-united-states-military/
0.802605606000789,1,1,0.256140350877193,1,0.570175438596491,0.991228070175439,1,0.275862068965517,0.5,1,1,0.5,0,1,1,3.05874595687798,3.56140350877193,2.77586206896552,2.5,7.43500720913464,0.741605884779679,https://clashdaily.com/2021/05/boko-haram-leader-declared-dead-for-the-fifth-time-this-time-it-might-actually-be-true/
0.948849104859335,1,1,0.453388946819604,0.994786235662148,0.51511991657977,0.994786235662148,1,1,1,1,1,0.5,0,0.5,0,3.40223805167894,3.50469238790407,4,1,7.44183152473938,0.82706363436189,https://www.infowars.com/posts/report-devastating-cancer-crisis-has-been-caused-by-stay-at-home-orders/
0.822479764532744,0.923076923076923,1,0.45883476599809,0.990448901623687,0.651384909264565,0.98567335243553,1,0.523076923076923,0.096774193548387,1,1,1,0,0.5,1,3.20439145360776,3.62750716332378,2.61985111662531,2.5,7.46984358347303,0.780563635226296,https://humansarefree.com/2021/05/freemason-luciferianism-oldest-secret-religion-nwo.html
0.966159052453469,0.951923076923077,1,0.645645987478657,0.985771200910643,0.60728514513375,1,1,0.240384615384615,0.909090909090909,0.909090909090909,1,0.75,0,0.5,0.5,3.5637281168552,3.59305634604439,3.05856643356643,1.75,7.47834431029127,0.802612566919651,https://en.newsner.com/celebrity/susan-boyle-says-she-received-serious-warning-from-doctors-because-of-her-health/
0.972727272727273,1,1,0.438249594813614,1,0.675850891410049,1,1,0.175,1,1,1,0.75,0,0.5,0.5,3.41097686754089,3.67585089141005,3.175,1.75,7.50739234934434,0.791821961422412,https://smag31.com/mom-who-found-2-sons-dead-in-one-day-has-warning-for-every-parent/
0.807692307692308,0.473684210526316,1,0.262015503875969,0.98062015503876,0.786821705426357,1,1,0.210526315789474,1,1,1,1,0,1,0.5,2.54339202209459,3.76744186046512,3.21052631578947,2.5,7.51335012396824,0.718626961352202,https://www.subjectpolitics.com/after-fauci-admits-its-finally-time-to-re-open-schools-watch-tucker-embarrass-him/
0.771634615384616,0.814814814814815,0.988738738738739,0.384684684684685,0.988738738738739,0.54954954954955,1,1,0.555555555555556,1,1,1,1,1,0,0,2.95987285362285,3.53828828828829,3.55555555555556,2,7.53357293591669,0.76325808982059,https://www.upliftingtoday.com/2021/05/prince-harry-reveals-why-meghan-markle-decided-not-to-kill-herself/
0.797843665768194,0.814814814814815,0.989200863930885,0.400863930885529,1,0.568034557235421,1,1,0.518518518518518,1,1,1,1,1,0,0,3.00272327539942,3.56803455723542,3.51851851851852,2,7.55579771947085,0.766876274336508,https://www.upliftingtoday.com/2021/05/queen-elizabeth-deeply-upset-about-prince-harry-airing-royal-familys-dirty-laundry/
0.961165048543689,0.940476190476191,1,0.520724980299448,0.992119779353822,0.605988967691095,1,1,0.071428571428572,1,1,1,0.5,0,0.5,1,3.42236621931933,3.59810874704492,3.07142857142857,2,7.55743971112051,0.778043836798316,https://centerforsecuritypolicy.org/moon-visits-washington-caution-advised/
0.512074425969913,0.621212121212121,0.977578475336323,0.563228699551569,0.991031390134529,0.699551569506726,0.995515695067265,1,0.424242424242424,0.4,0.933333333333333,1,1,0,1,1,2.67409372206993,3.68609865470852,2.75757575757576,3,7.57360508397138,0.744067373292834,https://clashdaily.com/2021/05/watch-fauci-says-hes-no-longer-confident-that-the-coronavirus-developed-naturally/
0.690972222222222,1,1,0.343712574850299,1,0.700598802395209,1,1,0.411764705882353,1,1,1,1,0,1,0,3.03468479707252,3.70059880239521,3.41176470588235,2,7.5919051908438,0.78860039937176,http://yesimright.com/uh-oh-nancy-pelosi-facing-sudden-opposition-from-fellow-democrats/
0.703214695752009,0,0.96168582375479,0.515453384418902,1,1,0.980842911877394,1,1,1,1,1,1,0,0.5,0.5,2.1803539039257,3.98084291187739,4,2,7.60074800987693,0.756318186104039,https://beforeitsnews.com/opinion-conservative/2021/05/dr-christiane-northrup-gives-new-details-on-covid-vaccine-shedding-transmission-especially-among-women-3580433.html
0.741081703107019,1,1,0.327272727272727,0.984848484848485,0.484848484848485,1,1,0.785714285714286,1,1,1,1,0,1,0,3.06835443037975,3.46969696969697,3.78571428571429,2,7.70235355361938,0.803252352124119,http://yesimright.com/trump-voices-hopes-for-ruth-bader-ginsburgs-future-after-hospital-release/
0.71309963099631,1,1,0.273076923076923,0.990384615384615,0.471153846153846,0.990384615384615,1,0.433333333333333,1,1,1,0.5,0,1,1,2.98617655407323,3.45192307692308,3.43333333333333,2.5,7.73214560270603,0.761980792884852,https://www.wnd.com/2021/05/u-s-heading-toward-criminalization-speech-warns-top-law-professor/
0.892418032786885,0.019607843137255,1,0.5868149324861,0.976171564733916,0.459888800635425,0.996028594122319,1,0.5,1,1,1,1,0,1,1,2.49884080841024,3.43208895949166,3.5,3,7.76933110493869,0.716184944230645,https://www.amren.com/videos/2021/05/the-american-medical-association-goes-insane/
0.971026490066225,0.910714285714285,1,0.697189575881451,0.987225344915687,0.522227899846704,0.997445068983137,1,0.383928571428571,1,1,1,1,0,0.5,0.5,3.57893035166196,3.50689831374553,3.38392857142857,2,7.79359827302254,0.828259707229771,https://en.newsner.com/celebrity/princess-diana-feared-the-queen-and-charles-plotted-to-separate-her-from-harry-and-william/
1,1,1,0.183739837398374,1,0.573170731707317,1,1,0.3,1,1,1,1,0,1,0.5,3.18373983739837,3.57317073170732,3.3,2.5,7.84806910569106,0.784676564156946,https://www.subjectpolitics.com/mayor-urges-citizens-to-avoid-travel-is-on-plane-minutes-later/
0.957337883959044,1,1,0.281272084805654,0.973498233215548,0.531802120141343,1,1,0.333333333333333,1,1,1,0.5,0,1,1,3.2386099687647,3.50530035335689,3.33333333333333,2.5,7.86077728465933,0.779815625900674,https://www.wnd.com/2021/05/joe-biden-deserves-full-responsibility-middle-east-deaths/
0.97148288973384,1,1,0.341818181818182,1,0.490909090909091,0.954545454545455,1,0.407407407407407,1,1,1,0.5,0,1,1,3.31330107155202,3.44545454545455,3.40740740740741,2.5,7.91635189025874,0.792156468526117,https://www.wnd.com/2021/05/secret-facial-recognition-system-shut/
0.702121652145854,0.868421052631579,0.996146435452794,0.46242774566474,1,0.560693641618497,0.988439306358382,1,0.894736842105263,1,0.790697674418605,1,0.5,0,1,1,3.02911688589497,3.54913294797688,3.68543451652387,2.5,7.97730271899732,0.807953655776433,https://www.dcclothesline.com/2021/05/23/total-tyranny-well-all-be-targeted-under-the-governments-new-precrime-program/
0.803240740740741,1,0.988558352402746,0.307551487414188,0.988558352402746,0.54233409610984,1,1,0.904761904761905,0.666666666666667,1,1,1,1,0.5,0.5,3.09935058055767,3.53089244851259,3.57142857142857,3,8.25104475031177,0.814819569555935,https://www.upliftingtoday.com/2021/05/lori-loughlins-mexico-vacation-backfires-as-shes-slammed-for-it-white-privilege-at-its-best/
